message;severity;node;stamp;location
"Oh no! I hit the wall! (Clamping from [x=11.120889, y=5.544445])";"30";"turtlesim3.sim";"1696343002.013457819";"/home/sear/ros2_ws/src/ros_tutorials/turtlesim/src/turtle.cpp:update:260"
"Oh no! I hit the wall! (Clamping from [x=11.120889, y=5.544445])";"30";"turtlesim2.sim";"1696343002.000163887";"/home/sear/ros2_ws/src/ros_tutorials/turtlesim/src/turtle.cpp:update:260"
"Oh no! I hit the wall! (Clamping from [x=11.120889, y=5.544445])";"30";"turtlesim3.sim";"1696343001.997794591";"/home/sear/ros2_ws/src/ros_tutorials/turtlesim/src/turtle.cpp:update:260"
"Oh no! I hit the wall! (Clamping from [x=11.120889, y=5.544445])";"30";"turtlesim1.sim";"1696343001.994561307";"/home/sear/ros2_ws/src/ros_tutorials/turtlesim/src/turtle.cpp:update:260"
"Oh no! I hit the wall! (Clamping from [x=11.120889, y=5.544445])";"30";"turtlesim2.sim";"1696343001.984635051";"/home/sear/ros2_ws/src/ros_tutorials/turtlesim/src/turtle.cpp:update:260"
"Oh no! I hit the wall! (Clamping from [x=11.120889, y=5.544445])";"30";"turtlesim3.sim";"1696343001.982099531";"/home/sear/ros2_ws/src/ros_tutorials/turtlesim/src/turtle.cpp:update:260"
"Oh no! I hit the wall! (Clamping from [x=11.120889, y=5.544445])";"30";"turtlesim1.sim";"1696343001.977956685";"/home/sear/ros2_ws/src/ros_tutorials/turtlesim/src/turtle.cpp:update:260"
"Oh no! I hit the wall! (Clamping from [x=11.120889, y=5.544445])";"30";"turtlesim2.sim";"1696343001.968073808";"/home/sear/ros2_ws/src/ros_tutorials/turtlesim/src/turtle.cpp:update:260"
"Oh no! I hit the wall! (Clamping from [x=11.120889, y=5.544445])";"30";"turtlesim3.sim";"1696343001.965607305";"/home/sear/ros2_ws/src/ros_tutorials/turtlesim/src/turtle.cpp:update:260"
"Oh no! I hit the wall! (Clamping from [x=11.120889, y=5.544445])";"30";"turtlesim1.sim";"1696343001.962365352";"/home/sear/ros2_ws/src/ros_tutorials/turtlesim/src/turtle.cpp:update:260"
"Oh no! I hit the wall! (Clamping from [x=11.120889, y=5.544445])";"30";"turtlesim2.sim";"1696343001.952523099";"/home/sear/ros2_ws/src/ros_tutorials/turtlesim/src/turtle.cpp:update:260"
"Oh no! I hit the wall! (Clamping from [x=11.120889, y=5.544445])";"30";"turtlesim3.sim";"1696343001.950099222";"/home/sear/ros2_ws/src/ros_tutorials/turtlesim/src/turtle.cpp:update:260"
"Oh no! I hit the wall! (Clamping from [x=11.120889, y=5.544445])";"30";"turtlesim1.sim";"1696343001.945755309";"/home/sear/ros2_ws/src/ros_tutorials/turtlesim/src/turtle.cpp:update:260"
"Oh no! I hit the wall! (Clamping from [x=11.120889, y=5.544445])";"30";"turtlesim2.sim";"1696343001.935969623";"/home/sear/ros2_ws/src/ros_tutorials/turtlesim/src/turtle.cpp:update:260"
"Oh no! I hit the wall! (Clamping from [x=11.120889, y=5.544445])";"30";"turtlesim3.sim";"1696343001.933590391";"/home/sear/ros2_ws/src/ros_tutorials/turtlesim/src/turtle.cpp:update:260"
"Oh no! I hit the wall! (Clamping from [x=11.120889, y=5.544445])";"30";"turtlesim1.sim";"1696343001.930202926";"/home/sear/ros2_ws/src/ros_tutorials/turtlesim/src/turtle.cpp:update:260"
"Oh no! I hit the wall! (Clamping from [x=11.120889, y=5.544445])";"30";"turtlesim2.sim";"1696343001.920397113";"/home/sear/ros2_ws/src/ros_tutorials/turtlesim/src/turtle.cpp:update:260"
"Oh no! I hit the wall! (Clamping from [x=11.120889, y=5.544445])";"30";"turtlesim3.sim";"1696343001.918150983";"/home/sear/ros2_ws/src/ros_tutorials/turtlesim/src/turtle.cpp:update:260"
"Oh no! I hit the wall! (Clamping from [x=11.120889, y=5.544445])";"30";"turtlesim1.sim";"1696343001.913606753";"/home/sear/ros2_ws/src/ros_tutorials/turtlesim/src/turtle.cpp:update:260"
"Oh no! I hit the wall! (Clamping from [x=11.120889, y=5.544445])";"30";"turtlesim2.sim";"1696343001.903873710";"/home/sear/ros2_ws/src/ros_tutorials/turtlesim/src/turtle.cpp:update:260"
"Oh no! I hit the wall! (Clamping from [x=11.120889, y=5.544445])";"30";"turtlesim3.sim";"1696343001.901681380";"/home/sear/ros2_ws/src/ros_tutorials/turtlesim/src/turtle.cpp:update:260"
"Oh no! I hit the wall! (Clamping from [x=11.120889, y=5.544445])";"30";"turtlesim1.sim";"1696343001.898074136";"/home/sear/ros2_ws/src/ros_tutorials/turtlesim/src/turtle.cpp:update:260"
"Oh no! I hit the wall! (Clamping from [x=11.120889, y=5.544445])";"30";"turtlesim2.sim";"1696343001.888198057";"/home/sear/ros2_ws/src/ros_tutorials/turtlesim/src/turtle.cpp:update:260"
"Oh no! I hit the wall! (Clamping from [x=11.120889, y=5.544445])";"30";"turtlesim3.sim";"1696343001.886173945";"/home/sear/ros2_ws/src/ros_tutorials/turtlesim/src/turtle.cpp:update:260"
"Oh no! I hit the wall! (Clamping from [x=11.120889, y=5.544445])";"30";"turtlesim1.sim";"1696343001.882481989";"/home/sear/ros2_ws/src/ros_tutorials/turtlesim/src/turtle.cpp:update:260"
"Oh no! I hit the wall! (Clamping from [x=11.120889, y=5.544445])";"30";"turtlesim2.sim";"1696343001.872508758";"/home/sear/ros2_ws/src/ros_tutorials/turtlesim/src/turtle.cpp:update:260"
"Oh no! I hit the wall! (Clamping from [x=11.120889, y=5.544445])";"30";"turtlesim3.sim";"1696343001.869651839";"/home/sear/ros2_ws/src/ros_tutorials/turtlesim/src/turtle.cpp:update:260"
"Oh no! I hit the wall! (Clamping from [x=11.120889, y=5.544445])";"30";"turtlesim1.sim";"1696343001.865922450";"/home/sear/ros2_ws/src/ros_tutorials/turtlesim/src/turtle.cpp:update:260"
"Oh no! I hit the wall! (Clamping from [x=11.120889, y=5.544445])";"30";"turtlesim2.sim";"1696343001.856082206";"/home/sear/ros2_ws/src/ros_tutorials/turtlesim/src/turtle.cpp:update:260"
"Oh no! I hit the wall! (Clamping from [x=11.120889, y=5.544445])";"30";"turtlesim3.sim";"1696343001.854149329";"/home/sear/ros2_ws/src/ros_tutorials/turtlesim/src/turtle.cpp:update:260"
"Oh no! I hit the wall! (Clamping from [x=11.120889, y=5.544445])";"30";"turtlesim1.sim";"1696343001.850502569";"/home/sear/ros2_ws/src/ros_tutorials/turtlesim/src/turtle.cpp:update:260"
"Oh no! I hit the wall! (Clamping from [x=11.120889, y=5.544445])";"30";"turtlesim2.sim";"1696343001.839715397";"/home/sear/ros2_ws/src/ros_tutorials/turtlesim/src/turtle.cpp:update:260"
"Oh no! I hit the wall! (Clamping from [x=11.120889, y=5.544445])";"30";"turtlesim3.sim";"1696343001.837804092";"/home/sear/ros2_ws/src/ros_tutorials/turtlesim/src/turtle.cpp:update:260"
"Oh no! I hit the wall! (Clamping from [x=11.120889, y=5.544445])";"30";"turtlesim1.sim";"1696343001.834112850";"/home/sear/ros2_ws/src/ros_tutorials/turtlesim/src/turtle.cpp:update:260"
"Oh no! I hit the wall! (Clamping from [x=11.120889, y=5.544445])";"30";"turtlesim2.sim";"1696343001.824415126";"/home/sear/ros2_ws/src/ros_tutorials/turtlesim/src/turtle.cpp:update:260"
"Oh no! I hit the wall! (Clamping from [x=11.120889, y=5.544445])";"30";"turtlesim3.sim";"1696343001.821428826";"/home/sear/ros2_ws/src/ros_tutorials/turtlesim/src/turtle.cpp:update:260"
"Oh no! I hit the wall! (Clamping from [x=11.120889, y=5.544445])";"30";"turtlesim1.sim";"1696343001.817657948";"/home/sear/ros2_ws/src/ros_tutorials/turtlesim/src/turtle.cpp:update:260"
"Oh no! I hit the wall! (Clamping from [x=11.120889, y=5.544445])";"30";"turtlesim2.sim";"1696343001.807962491";"/home/sear/ros2_ws/src/ros_tutorials/turtlesim/src/turtle.cpp:update:260"
"Oh no! I hit the wall! (Clamping from [x=11.120889, y=5.544445])";"30";"turtlesim3.sim";"1696343001.805964873";"/home/sear/ros2_ws/src/ros_tutorials/turtlesim/src/turtle.cpp:update:260"
"Oh no! I hit the wall! (Clamping from [x=11.120889, y=5.544445])";"30";"turtlesim1.sim";"1696343001.802083197";"/home/sear/ros2_ws/src/ros_tutorials/turtlesim/src/turtle.cpp:update:260"
"Oh no! I hit the wall! (Clamping from [x=11.120889, y=5.544445])";"30";"turtlesim2.sim";"1696343001.792410150";"/home/sear/ros2_ws/src/ros_tutorials/turtlesim/src/turtle.cpp:update:260"
"Oh no! I hit the wall! (Clamping from [x=11.120889, y=5.544445])";"30";"turtlesim3.sim";"1696343001.789430166";"/home/sear/ros2_ws/src/ros_tutorials/turtlesim/src/turtle.cpp:update:260"
"Oh no! I hit the wall! (Clamping from [x=11.120889, y=5.544445])";"30";"turtlesim1.sim";"1696343001.786511205";"/home/sear/ros2_ws/src/ros_tutorials/turtlesim/src/turtle.cpp:update:260"
"Oh no! I hit the wall! (Clamping from [x=11.120889, y=5.544445])";"30";"turtlesim2.sim";"1696343001.775940316";"/home/sear/ros2_ws/src/ros_tutorials/turtlesim/src/turtle.cpp:update:260"
"Oh no! I hit the wall! (Clamping from [x=11.120889, y=5.544445])";"30";"turtlesim3.sim";"1696343001.773839918";"/home/sear/ros2_ws/src/ros_tutorials/turtlesim/src/turtle.cpp:update:260"
"Oh no! I hit the wall! (Clamping from [x=11.120889, y=5.544445])";"30";"turtlesim1.sim";"1696343001.769898839";"/home/sear/ros2_ws/src/ros_tutorials/turtlesim/src/turtle.cpp:update:260"
"Oh no! I hit the wall! (Clamping from [x=11.120889, y=5.544445])";"30";"turtlesim2.sim";"1696343001.760416711";"/home/sear/ros2_ws/src/ros_tutorials/turtlesim/src/turtle.cpp:update:260"
"Oh no! I hit the wall! (Clamping from [x=11.120889, y=5.544445])";"30";"turtlesim3.sim";"1696343001.758330201";"/home/sear/ros2_ws/src/ros_tutorials/turtlesim/src/turtle.cpp:update:260"
"Oh no! I hit the wall! (Clamping from [x=11.120889, y=5.544445])";"30";"turtlesim1.sim";"1696343001.754182016";"/home/sear/ros2_ws/src/ros_tutorials/turtlesim/src/turtle.cpp:update:260"
"Oh no! I hit the wall! (Clamping from [x=11.120889, y=5.544445])";"30";"turtlesim2.sim";"1696343001.743992572";"/home/sear/ros2_ws/src/ros_tutorials/turtlesim/src/turtle.cpp:update:260"
"Oh no! I hit the wall! (Clamping from [x=11.120889, y=5.544445])";"30";"turtlesim3.sim";"1696343001.741683145";"/home/sear/ros2_ws/src/ros_tutorials/turtlesim/src/turtle.cpp:update:260"
"Oh no! I hit the wall! (Clamping from [x=11.120889, y=5.544445])";"30";"turtlesim1.sim";"1696343001.737743817";"/home/sear/ros2_ws/src/ros_tutorials/turtlesim/src/turtle.cpp:update:260"
"Oh no! I hit the wall! (Clamping from [x=11.120889, y=5.544445])";"30";"turtlesim2.sim";"1696343001.728650552";"/home/sear/ros2_ws/src/ros_tutorials/turtlesim/src/turtle.cpp:update:260"
"Oh no! I hit the wall! (Clamping from [x=11.120889, y=5.544445])";"30";"turtlesim3.sim";"1696343001.725326242";"/home/sear/ros2_ws/src/ros_tutorials/turtlesim/src/turtle.cpp:update:260"
"Oh no! I hit the wall! (Clamping from [x=11.120889, y=5.544445])";"30";"turtlesim1.sim";"1696343001.722303261";"/home/sear/ros2_ws/src/ros_tutorials/turtlesim/src/turtle.cpp:update:260"
"Oh no! I hit the wall! (Clamping from [x=11.120889, y=5.544445])";"30";"turtlesim2.sim";"1696343001.712279086";"/home/sear/ros2_ws/src/ros_tutorials/turtlesim/src/turtle.cpp:update:260"
"Oh no! I hit the wall! (Clamping from [x=11.120889, y=5.544445])";"30";"turtlesim3.sim";"1696343001.709905371";"/home/sear/ros2_ws/src/ros_tutorials/turtlesim/src/turtle.cpp:update:260"
"Oh no! I hit the wall! (Clamping from [x=11.120889, y=5.544445])";"30";"turtlesim1.sim";"1696343001.705882436";"/home/sear/ros2_ws/src/ros_tutorials/turtlesim/src/turtle.cpp:update:260"
"Oh no! I hit the wall! (Clamping from [x=11.120889, y=5.544445])";"30";"turtlesim2.sim";"1696343001.695984307";"/home/sear/ros2_ws/src/ros_tutorials/turtlesim/src/turtle.cpp:update:260"
"Oh no! I hit the wall! (Clamping from [x=11.120889, y=5.544445])";"30";"turtlesim3.sim";"1696343001.693523073";"/home/sear/ros2_ws/src/ros_tutorials/turtlesim/src/turtle.cpp:update:260"
"Oh no! I hit the wall! (Clamping from [x=11.120889, y=5.544445])";"30";"turtlesim1.sim";"1696343001.690488870";"/home/sear/ros2_ws/src/ros_tutorials/turtlesim/src/turtle.cpp:update:260"
"Oh no! I hit the wall! (Clamping from [x=11.120889, y=5.544445])";"30";"turtlesim2.sim";"1696343001.679648280";"/home/sear/ros2_ws/src/ros_tutorials/turtlesim/src/turtle.cpp:update:260"
"Oh no! I hit the wall! (Clamping from [x=11.120889, y=5.544445])";"30";"turtlesim3.sim";"1696343001.678224650";"/home/sear/ros2_ws/src/ros_tutorials/turtlesim/src/turtle.cpp:update:260"
"Oh no! I hit the wall! (Clamping from [x=11.120889, y=5.544445])";"30";"turtlesim1.sim";"1696343001.674075119";"/home/sear/ros2_ws/src/ros_tutorials/turtlesim/src/turtle.cpp:update:260"
"Oh no! I hit the wall! (Clamping from [x=11.120889, y=5.544445])";"30";"turtlesim2.sim";"1696343001.664431373";"/home/sear/ros2_ws/src/ros_tutorials/turtlesim/src/turtle.cpp:update:260"
"Oh no! I hit the wall! (Clamping from [x=11.120889, y=5.544445])";"30";"turtlesim3.sim";"1696343001.661929269";"/home/sear/ros2_ws/src/ros_tutorials/turtlesim/src/turtle.cpp:update:260"
"Oh no! I hit the wall! (Clamping from [x=11.120889, y=5.544445])";"30";"turtlesim1.sim";"1696343001.657744247";"/home/sear/ros2_ws/src/ros_tutorials/turtlesim/src/turtle.cpp:update:260"
"Oh no! I hit the wall! (Clamping from [x=11.120889, y=5.544445])";"30";"turtlesim2.sim";"1696343001.648139769";"/home/sear/ros2_ws/src/ros_tutorials/turtlesim/src/turtle.cpp:update:260"
"Oh no! I hit the wall! (Clamping from [x=11.120889, y=5.544445])";"30";"turtlesim3.sim";"1696343001.645538092";"/home/sear/ros2_ws/src/ros_tutorials/turtlesim/src/turtle.cpp:update:260"
"Oh no! I hit the wall! (Clamping from [x=11.120889, y=5.544445])";"30";"turtlesim1.sim";"1696343001.642177028";"/home/sear/ros2_ws/src/ros_tutorials/turtlesim/src/turtle.cpp:update:260"
"Oh no! I hit the wall! (Clamping from [x=11.120889, y=5.544445])";"30";"turtlesim2.sim";"1696343001.631898686";"/home/sear/ros2_ws/src/ros_tutorials/turtlesim/src/turtle.cpp:update:260"
"Oh no! I hit the wall! (Clamping from [x=11.120889, y=5.544445])";"30";"turtlesim3.sim";"1696343001.630202429";"/home/sear/ros2_ws/src/ros_tutorials/turtlesim/src/turtle.cpp:update:260"
"Oh no! I hit the wall! (Clamping from [x=11.120889, y=5.544445])";"30";"turtlesim1.sim";"1696343001.625782910";"/home/sear/ros2_ws/src/ros_tutorials/turtlesim/src/turtle.cpp:update:260"
"Oh no! I hit the wall! (Clamping from [x=11.120889, y=5.544445])";"30";"turtlesim2.sim";"1696343001.616553558";"/home/sear/ros2_ws/src/ros_tutorials/turtlesim/src/turtle.cpp:update:260"
"Oh no! I hit the wall! (Clamping from [x=11.120889, y=5.544445])";"30";"turtlesim3.sim";"1696343001.613620096";"/home/sear/ros2_ws/src/ros_tutorials/turtlesim/src/turtle.cpp:update:260"
"Oh no! I hit the wall! (Clamping from [x=11.120889, y=5.544445])";"30";"turtlesim1.sim";"1696343001.610297702";"/home/sear/ros2_ws/src/ros_tutorials/turtlesim/src/turtle.cpp:update:260"
"Oh no! I hit the wall! (Clamping from [x=11.120889, y=5.544445])";"30";"turtlesim2.sim";"1696343001.600186699";"/home/sear/ros2_ws/src/ros_tutorials/turtlesim/src/turtle.cpp:update:260"
"Oh no! I hit the wall! (Clamping from [x=11.120889, y=5.544445])";"30";"turtlesim3.sim";"1696343001.598219645";"/home/sear/ros2_ws/src/ros_tutorials/turtlesim/src/turtle.cpp:update:260"
"Oh no! I hit the wall! (Clamping from [x=11.120889, y=5.544445])";"30";"turtlesim1.sim";"1696343001.593740634";"/home/sear/ros2_ws/src/ros_tutorials/turtlesim/src/turtle.cpp:update:260"
"Oh no! I hit the wall! (Clamping from [x=11.120889, y=5.544445])";"30";"turtlesim2.sim";"1696343001.584671771";"/home/sear/ros2_ws/src/ros_tutorials/turtlesim/src/turtle.cpp:update:260"
"Oh no! I hit the wall! (Clamping from [x=11.120889, y=5.544445])";"30";"turtlesim3.sim";"1696343001.581691131";"/home/sear/ros2_ws/src/ros_tutorials/turtlesim/src/turtle.cpp:update:260"
"Oh no! I hit the wall! (Clamping from [x=11.120889, y=5.544445])";"30";"turtlesim1.sim";"1696343001.578125037";"/home/sear/ros2_ws/src/ros_tutorials/turtlesim/src/turtle.cpp:update:260"
"Oh no! I hit the wall! (Clamping from [x=11.120889, y=5.544445])";"30";"turtlesim2.sim";"1696343001.568083291";"/home/sear/ros2_ws/src/ros_tutorials/turtlesim/src/turtle.cpp:update:260"
"Oh no! I hit the wall! (Clamping from [x=11.120889, y=5.544445])";"30";"turtlesim3.sim";"1696343001.566194892";"/home/sear/ros2_ws/src/ros_tutorials/turtlesim/src/turtle.cpp:update:260"
"Oh no! I hit the wall! (Clamping from [x=11.120889, y=5.544445])";"30";"turtlesim1.sim";"1696343001.562550244";"/home/sear/ros2_ws/src/ros_tutorials/turtlesim/src/turtle.cpp:update:260"
"Oh no! I hit the wall! (Clamping from [x=11.120889, y=5.544445])";"30";"turtlesim2.sim";"1696343001.552615163";"/home/sear/ros2_ws/src/ros_tutorials/turtlesim/src/turtle.cpp:update:260"
"Oh no! I hit the wall! (Clamping from [x=11.120889, y=5.544445])";"30";"turtlesim3.sim";"1696343001.549710385";"/home/sear/ros2_ws/src/ros_tutorials/turtlesim/src/turtle.cpp:update:260"
"Oh no! I hit the wall! (Clamping from [x=11.120889, y=5.544445])";"30";"turtlesim1.sim";"1696343001.545960012";"/home/sear/ros2_ws/src/ros_tutorials/turtlesim/src/turtle.cpp:update:260"
"Oh no! I hit the wall! (Clamping from [x=11.120889, y=5.544445])";"30";"turtlesim2.sim";"1696343001.536137721";"/home/sear/ros2_ws/src/ros_tutorials/turtlesim/src/turtle.cpp:update:260"
"Oh no! I hit the wall! (Clamping from [x=11.120889, y=5.544445])";"30";"turtlesim3.sim";"1696343001.534257946";"/home/sear/ros2_ws/src/ros_tutorials/turtlesim/src/turtle.cpp:update:260"
"Oh no! I hit the wall! (Clamping from [x=11.120889, y=5.544445])";"30";"turtlesim1.sim";"1696343001.530455436";"/home/sear/ros2_ws/src/ros_tutorials/turtlesim/src/turtle.cpp:update:260"
"Oh no! I hit the wall! (Clamping from [x=11.120889, y=5.544445])";"30";"turtlesim2.sim";"1696343001.520707719";"/home/sear/ros2_ws/src/ros_tutorials/turtlesim/src/turtle.cpp:update:260"
"Oh no! I hit the wall! (Clamping from [x=11.120889, y=5.544445])";"30";"turtlesim3.sim";"1696343001.517857247";"/home/sear/ros2_ws/src/ros_tutorials/turtlesim/src/turtle.cpp:update:260"
"Oh no! I hit the wall! (Clamping from [x=11.120889, y=5.544445])";"30";"turtlesim1.sim";"1696343001.514020282";"/home/sear/ros2_ws/src/ros_tutorials/turtlesim/src/turtle.cpp:update:260"
"Oh no! I hit the wall! (Clamping from [x=11.120889, y=5.544445])";"30";"turtlesim2.sim";"1696343001.504317517";"/home/sear/ros2_ws/src/ros_tutorials/turtlesim/src/turtle.cpp:update:260"
"Oh no! I hit the wall! (Clamping from [x=11.120889, y=5.544445])";"30";"turtlesim3.sim";"1696343001.501518252";"/home/sear/ros2_ws/src/ros_tutorials/turtlesim/src/turtle.cpp:update:260"
"Oh no! I hit the wall! (Clamping from [x=11.120889, y=5.544445])";"30";"turtlesim1.sim";"1696343001.497622131";"/home/sear/ros2_ws/src/ros_tutorials/turtlesim/src/turtle.cpp:update:260"
"Oh no! I hit the wall! (Clamping from [x=11.120889, y=5.544445])";"30";"turtlesim2.sim";"1696343001.487984160";"/home/sear/ros2_ws/src/ros_tutorials/turtlesim/src/turtle.cpp:update:260"
"Oh no! I hit the wall! (Clamping from [x=11.120889, y=5.544445])";"30";"turtlesim3.sim";"1696343001.486187144";"/home/sear/ros2_ws/src/ros_tutorials/turtlesim/src/turtle.cpp:update:260"
"Oh no! I hit the wall! (Clamping from [x=11.120889, y=5.544445])";"30";"turtlesim1.sim";"1696343001.482268847";"/home/sear/ros2_ws/src/ros_tutorials/turtlesim/src/turtle.cpp:update:260"
"Oh no! I hit the wall! (Clamping from [x=11.120889, y=5.544445])";"30";"turtlesim2.sim";"1696343001.472620697";"/home/sear/ros2_ws/src/ros_tutorials/turtlesim/src/turtle.cpp:update:260"
"Oh no! I hit the wall! (Clamping from [x=11.120889, y=5.544445])";"30";"turtlesim3.sim";"1696343001.469843664";"/home/sear/ros2_ws/src/ros_tutorials/turtlesim/src/turtle.cpp:update:260"
"Oh no! I hit the wall! (Clamping from [x=11.120889, y=5.544445])";"30";"turtlesim1.sim";"1696343001.465902181";"/home/sear/ros2_ws/src/ros_tutorials/turtlesim/src/turtle.cpp:update:260"
"Oh no! I hit the wall! (Clamping from [x=11.120889, y=5.544445])";"30";"turtlesim2.sim";"1696343001.456311022";"/home/sear/ros2_ws/src/ros_tutorials/turtlesim/src/turtle.cpp:update:260"
"Oh no! I hit the wall! (Clamping from [x=11.120889, y=5.544445])";"30";"turtlesim3.sim";"1696343001.453476475";"/home/sear/ros2_ws/src/ros_tutorials/turtlesim/src/turtle.cpp:update:260"
"Oh no! I hit the wall! (Clamping from [x=11.120889, y=5.544445])";"30";"turtlesim1.sim";"1696343001.450460933";"/home/sear/ros2_ws/src/ros_tutorials/turtlesim/src/turtle.cpp:update:260"
"Oh no! I hit the wall! (Clamping from [x=11.120889, y=5.544445])";"30";"turtlesim2.sim";"1696343001.439964417";"/home/sear/ros2_ws/src/ros_tutorials/turtlesim/src/turtle.cpp:update:260"
"Oh no! I hit the wall! (Clamping from [x=11.120889, y=5.544445])";"30";"turtlesim3.sim";"1696343001.438148328";"/home/sear/ros2_ws/src/ros_tutorials/turtlesim/src/turtle.cpp:update:260"
"Oh no! I hit the wall! (Clamping from [x=11.120889, y=5.544445])";"30";"turtlesim1.sim";"1696343001.433950350";"/home/sear/ros2_ws/src/ros_tutorials/turtlesim/src/turtle.cpp:update:260"
"Oh no! I hit the wall! (Clamping from [x=11.120889, y=5.544445])";"30";"turtlesim2.sim";"1696343001.424587401";"/home/sear/ros2_ws/src/ros_tutorials/turtlesim/src/turtle.cpp:update:260"
"Oh no! I hit the wall! (Clamping from [x=11.120889, y=5.544445])";"30";"turtlesim3.sim";"1696343001.421736988";"/home/sear/ros2_ws/src/ros_tutorials/turtlesim/src/turtle.cpp:update:260"
"Oh no! I hit the wall! (Clamping from [x=11.120889, y=5.544445])";"30";"turtlesim1.sim";"1696343001.418402959";"/home/sear/ros2_ws/src/ros_tutorials/turtlesim/src/turtle.cpp:update:260"
"Oh no! I hit the wall! (Clamping from [x=11.120889, y=5.544445])";"30";"turtlesim2.sim";"1696343001.408148554";"/home/sear/ros2_ws/src/ros_tutorials/turtlesim/src/turtle.cpp:update:260"
"Oh no! I hit the wall! (Clamping from [x=11.120889, y=5.544445])";"30";"turtlesim3.sim";"1696343001.406223876";"/home/sear/ros2_ws/src/ros_tutorials/turtlesim/src/turtle.cpp:update:260"
"Oh no! I hit the wall! (Clamping from [x=11.120889, y=5.544445])";"30";"turtlesim1.sim";"1696343001.401822186";"/home/sear/ros2_ws/src/ros_tutorials/turtlesim/src/turtle.cpp:update:260"
"Oh no! I hit the wall! (Clamping from [x=11.120889, y=5.544445])";"30";"turtlesim2.sim";"1696343001.392662363";"/home/sear/ros2_ws/src/ros_tutorials/turtlesim/src/turtle.cpp:update:260"
"Oh no! I hit the wall! (Clamping from [x=11.120889, y=5.544445])";"30";"turtlesim3.sim";"1696343001.389737656";"/home/sear/ros2_ws/src/ros_tutorials/turtlesim/src/turtle.cpp:update:260"
"Oh no! I hit the wall! (Clamping from [x=11.120889, y=5.544445])";"30";"turtlesim1.sim";"1696343001.386231298";"/home/sear/ros2_ws/src/ros_tutorials/turtlesim/src/turtle.cpp:update:260"
"Oh no! I hit the wall! (Clamping from [x=11.120889, y=5.544445])";"30";"turtlesim2.sim";"1696343001.376174094";"/home/sear/ros2_ws/src/ros_tutorials/turtlesim/src/turtle.cpp:update:260"
"Oh no! I hit the wall! (Clamping from [x=11.120889, y=5.544445])";"30";"turtlesim3.sim";"1696343001.374217743";"/home/sear/ros2_ws/src/ros_tutorials/turtlesim/src/turtle.cpp:update:260"
"Oh no! I hit the wall! (Clamping from [x=11.120889, y=5.544445])";"30";"turtlesim1.sim";"1696343001.369648032";"/home/sear/ros2_ws/src/ros_tutorials/turtlesim/src/turtle.cpp:update:260"
"Oh no! I hit the wall! (Clamping from [x=11.120889, y=5.544445])";"30";"turtlesim2.sim";"1696343001.359746530";"/home/sear/ros2_ws/src/ros_tutorials/turtlesim/src/turtle.cpp:update:260"
"Oh no! I hit the wall! (Clamping from [x=11.120889, y=5.544445])";"30";"turtlesim3.sim";"1696343001.357769882";"/home/sear/ros2_ws/src/ros_tutorials/turtlesim/src/turtle.cpp:update:260"
"Oh no! I hit the wall! (Clamping from [x=11.120889, y=5.544445])";"30";"turtlesim1.sim";"1696343001.354186361";"/home/sear/ros2_ws/src/ros_tutorials/turtlesim/src/turtle.cpp:update:260"
"Oh no! I hit the wall! (Clamping from [x=11.120889, y=5.544445])";"30";"turtlesim2.sim";"1696343001.344445448";"/home/sear/ros2_ws/src/ros_tutorials/turtlesim/src/turtle.cpp:update:260"
"Oh no! I hit the wall! (Clamping from [x=11.120889, y=5.544445])";"30";"turtlesim3.sim";"1696343001.342211452";"/home/sear/ros2_ws/src/ros_tutorials/turtlesim/src/turtle.cpp:update:260"
"Oh no! I hit the wall! (Clamping from [x=11.120889, y=5.544445])";"30";"turtlesim1.sim";"1696343001.337801621";"/home/sear/ros2_ws/src/ros_tutorials/turtlesim/src/turtle.cpp:update:260"
"Oh no! I hit the wall! (Clamping from [x=11.120889, y=5.544445])";"30";"turtlesim2.sim";"1696343001.328133115";"/home/sear/ros2_ws/src/ros_tutorials/turtlesim/src/turtle.cpp:update:260"
"Oh no! I hit the wall! (Clamping from [x=11.120889, y=5.544445])";"30";"turtlesim3.sim";"1696343001.325866524";"/home/sear/ros2_ws/src/ros_tutorials/turtlesim/src/turtle.cpp:update:260"
"Oh no! I hit the wall! (Clamping from [x=11.120889, y=5.544445])";"30";"turtlesim1.sim";"1696343001.322183987";"/home/sear/ros2_ws/src/ros_tutorials/turtlesim/src/turtle.cpp:update:260"
"Oh no! I hit the wall! (Clamping from [x=11.120889, y=5.544445])";"30";"turtlesim2.sim";"1696343001.311805348";"/home/sear/ros2_ws/src/ros_tutorials/turtlesim/src/turtle.cpp:update:260"
"Oh no! I hit the wall! (Clamping from [x=11.120889, y=5.544445])";"30";"turtlesim3.sim";"1696343001.309512527";"/home/sear/ros2_ws/src/ros_tutorials/turtlesim/src/turtle.cpp:update:260"
"Oh no! I hit the wall! (Clamping from [x=11.120889, y=5.544445])";"30";"turtlesim1.sim";"1696343001.305807401";"/home/sear/ros2_ws/src/ros_tutorials/turtlesim/src/turtle.cpp:update:260"
"Oh no! I hit the wall! (Clamping from [x=11.120889, y=5.544445])";"30";"turtlesim2.sim";"1696343001.296520952";"/home/sear/ros2_ws/src/ros_tutorials/turtlesim/src/turtle.cpp:update:260"
"Oh no! I hit the wall! (Clamping from [x=11.120889, y=5.544445])";"30";"turtlesim3.sim";"1696343001.294215344";"/home/sear/ros2_ws/src/ros_tutorials/turtlesim/src/turtle.cpp:update:260"
"Oh no! I hit the wall! (Clamping from [x=11.120889, y=5.544445])";"30";"turtlesim1.sim";"1696343001.290284937";"/home/sear/ros2_ws/src/ros_tutorials/turtlesim/src/turtle.cpp:update:260"
"Oh no! I hit the wall! (Clamping from [x=11.120889, y=5.544445])";"30";"turtlesim2.sim";"1696343001.280102967";"/home/sear/ros2_ws/src/ros_tutorials/turtlesim/src/turtle.cpp:update:260"
"Oh no! I hit the wall! (Clamping from [x=11.120889, y=5.544445])";"30";"turtlesim3.sim";"1696343001.277764287";"/home/sear/ros2_ws/src/ros_tutorials/turtlesim/src/turtle.cpp:update:260"
"Oh no! I hit the wall! (Clamping from [x=11.120889, y=5.544445])";"30";"turtlesim1.sim";"1696343001.273740334";"/home/sear/ros2_ws/src/ros_tutorials/turtlesim/src/turtle.cpp:update:260"
"Oh no! I hit the wall! (Clamping from [x=11.120889, y=5.544445])";"30";"turtlesim2.sim";"1696343001.264654510";"/home/sear/ros2_ws/src/ros_tutorials/turtlesim/src/turtle.cpp:update:260"
"Oh no! I hit the wall! (Clamping from [x=11.120889, y=5.544445])";"30";"turtlesim3.sim";"1696343001.261379161";"/home/sear/ros2_ws/src/ros_tutorials/turtlesim/src/turtle.cpp:update:260"
"Oh no! I hit the wall! (Clamping from [x=11.120889, y=5.544445])";"30";"turtlesim1.sim";"1696343001.258265873";"/home/sear/ros2_ws/src/ros_tutorials/turtlesim/src/turtle.cpp:update:260"
"Oh no! I hit the wall! (Clamping from [x=11.120889, y=5.544445])";"30";"turtlesim2.sim";"1696343001.248203956";"/home/sear/ros2_ws/src/ros_tutorials/turtlesim/src/turtle.cpp:update:260"
"Oh no! I hit the wall! (Clamping from [x=11.120889, y=5.544445])";"30";"turtlesim3.sim";"1696343001.245984761";"/home/sear/ros2_ws/src/ros_tutorials/turtlesim/src/turtle.cpp:update:260"
"Oh no! I hit the wall! (Clamping from [x=11.120889, y=5.544445])";"30";"turtlesim1.sim";"1696343001.241893725";"/home/sear/ros2_ws/src/ros_tutorials/turtlesim/src/turtle.cpp:update:260"
"Oh no! I hit the wall! (Clamping from [x=11.120889, y=5.544445])";"30";"turtlesim2.sim";"1696343001.231763974";"/home/sear/ros2_ws/src/ros_tutorials/turtlesim/src/turtle.cpp:update:260"
"Oh no! I hit the wall! (Clamping from [x=11.120889, y=5.544445])";"30";"turtlesim3.sim";"1696343001.229512376";"/home/sear/ros2_ws/src/ros_tutorials/turtlesim/src/turtle.cpp:update:260"
"Oh no! I hit the wall! (Clamping from [x=11.120889, y=5.544445])";"30";"turtlesim1.sim";"1696343001.226484267";"/home/sear/ros2_ws/src/ros_tutorials/turtlesim/src/turtle.cpp:update:260"
"Oh no! I hit the wall! (Clamping from [x=11.120889, y=5.544445])";"30";"turtlesim2.sim";"1696343001.216376996";"/home/sear/ros2_ws/src/ros_tutorials/turtlesim/src/turtle.cpp:update:260"
"Oh no! I hit the wall! (Clamping from [x=11.120889, y=5.544445])";"30";"turtlesim3.sim";"1696343001.214167353";"/home/sear/ros2_ws/src/ros_tutorials/turtlesim/src/turtle.cpp:update:260"
"Oh no! I hit the wall! (Clamping from [x=11.120889, y=5.544445])";"30";"turtlesim1.sim";"1696343001.210033658";"/home/sear/ros2_ws/src/ros_tutorials/turtlesim/src/turtle.cpp:update:260"
"Oh no! I hit the wall! (Clamping from [x=11.120889, y=5.544445])";"30";"turtlesim2.sim";"1696343001.199978994";"/home/sear/ros2_ws/src/ros_tutorials/turtlesim/src/turtle.cpp:update:260"
"Oh no! I hit the wall! (Clamping from [x=11.120889, y=5.544445])";"30";"turtlesim3.sim";"1696343001.197825816";"/home/sear/ros2_ws/src/ros_tutorials/turtlesim/src/turtle.cpp:update:260"
"Oh no! I hit the wall! (Clamping from [x=11.120889, y=5.544445])";"30";"turtlesim1.sim";"1696343001.193602675";"/home/sear/ros2_ws/src/ros_tutorials/turtlesim/src/turtle.cpp:update:260"
"Oh no! I hit the wall! (Clamping from [x=11.120889, y=5.544445])";"30";"turtlesim2.sim";"1696343001.184618823";"/home/sear/ros2_ws/src/ros_tutorials/turtlesim/src/turtle.cpp:update:260"
"Oh no! I hit the wall! (Clamping from [x=11.120889, y=5.544445])";"30";"turtlesim3.sim";"1696343001.181456587";"/home/sear/ros2_ws/src/ros_tutorials/turtlesim/src/turtle.cpp:update:260"
"Oh no! I hit the wall! (Clamping from [x=11.120889, y=5.544445])";"30";"turtlesim1.sim";"1696343001.178177635";"/home/sear/ros2_ws/src/ros_tutorials/turtlesim/src/turtle.cpp:update:260"
"Oh no! I hit the wall! (Clamping from [x=11.120889, y=5.544445])";"30";"turtlesim2.sim";"1696343001.168306710";"/home/sear/ros2_ws/src/ros_tutorials/turtlesim/src/turtle.cpp:update:260"
"Oh no! I hit the wall! (Clamping from [x=11.120889, y=5.544445])";"30";"turtlesim3.sim";"1696343001.166082582";"/home/sear/ros2_ws/src/ros_tutorials/turtlesim/src/turtle.cpp:update:260"
"Oh no! I hit the wall! (Clamping from [x=11.120889, y=5.544445])";"30";"turtlesim1.sim";"1696343001.161736054";"/home/sear/ros2_ws/src/ros_tutorials/turtlesim/src/turtle.cpp:update:260"
"Oh no! I hit the wall! (Clamping from [x=11.120889, y=5.544445])";"30";"turtlesim2.sim";"1696343001.151936306";"/home/sear/ros2_ws/src/ros_tutorials/turtlesim/src/turtle.cpp:update:260"
"Oh no! I hit the wall! (Clamping from [x=11.120889, y=5.544445])";"30";"turtlesim3.sim";"1696343001.149741263";"/home/sear/ros2_ws/src/ros_tutorials/turtlesim/src/turtle.cpp:update:260"
"Oh no! I hit the wall! (Clamping from [x=11.120889, y=5.544445])";"30";"turtlesim1.sim";"1696343001.146320480";"/home/sear/ros2_ws/src/ros_tutorials/turtlesim/src/turtle.cpp:update:260"
"Oh no! I hit the wall! (Clamping from [x=11.120889, y=5.544445])";"30";"turtlesim2.sim";"1696343001.136574911";"/home/sear/ros2_ws/src/ros_tutorials/turtlesim/src/turtle.cpp:update:260"
"Oh no! I hit the wall! (Clamping from [x=11.120889, y=5.544445])";"30";"turtlesim3.sim";"1696343001.133408459";"/home/sear/ros2_ws/src/ros_tutorials/turtlesim/src/turtle.cpp:update:260"
"Oh no! I hit the wall! (Clamping from [x=11.120889, y=5.544445])";"30";"turtlesim1.sim";"1696343001.129872820";"/home/sear/ros2_ws/src/ros_tutorials/turtlesim/src/turtle.cpp:update:260"
"Oh no! I hit the wall! (Clamping from [x=11.120889, y=5.544445])";"30";"turtlesim2.sim";"1696343001.120117021";"/home/sear/ros2_ws/src/ros_tutorials/turtlesim/src/turtle.cpp:update:260"
"Oh no! I hit the wall! (Clamping from [x=11.120889, y=5.544445])";"30";"turtlesim3.sim";"1696343001.117979549";"/home/sear/ros2_ws/src/ros_tutorials/turtlesim/src/turtle.cpp:update:260"
"Oh no! I hit the wall! (Clamping from [x=11.120889, y=5.544445])";"30";"turtlesim1.sim";"1696343001.114454912";"/home/sear/ros2_ws/src/ros_tutorials/turtlesim/src/turtle.cpp:update:260"
"Oh no! I hit the wall! (Clamping from [x=11.120889, y=5.544445])";"30";"turtlesim2.sim";"1696343001.103769153";"/home/sear/ros2_ws/src/ros_tutorials/turtlesim/src/turtle.cpp:update:260"
"Oh no! I hit the wall! (Clamping from [x=11.120889, y=5.544445])";"30";"turtlesim3.sim";"1696343001.101642742";"/home/sear/ros2_ws/src/ros_tutorials/turtlesim/src/turtle.cpp:update:260"
"Oh no! I hit the wall! (Clamping from [x=11.120889, y=5.544445])";"30";"turtlesim1.sim";"1696343001.098005808";"/home/sear/ros2_ws/src/ros_tutorials/turtlesim/src/turtle.cpp:update:260"
"Oh no! I hit the wall! (Clamping from [x=11.120889, y=5.544445])";"30";"turtlesim2.sim";"1696343001.088496642";"/home/sear/ros2_ws/src/ros_tutorials/turtlesim/src/turtle.cpp:update:260"
"Oh no! I hit the wall! (Clamping from [x=11.120889, y=5.544445])";"30";"turtlesim3.sim";"1696343001.085380668";"/home/sear/ros2_ws/src/ros_tutorials/turtlesim/src/turtle.cpp:update:260"
"Oh no! I hit the wall! (Clamping from [x=11.120889, y=5.544445])";"30";"turtlesim1.sim";"1696343001.081646564";"/home/sear/ros2_ws/src/ros_tutorials/turtlesim/src/turtle.cpp:update:260"
"Oh no! I hit the wall! (Clamping from [x=11.120889, y=5.544445])";"30";"turtlesim2.sim";"1696343001.072172121";"/home/sear/ros2_ws/src/ros_tutorials/turtlesim/src/turtle.cpp:update:260"
"Oh no! I hit the wall! (Clamping from [x=11.120889, y=5.544445])";"30";"turtlesim3.sim";"1696343001.070023918";"/home/sear/ros2_ws/src/ros_tutorials/turtlesim/src/turtle.cpp:update:260"
"Oh no! I hit the wall! (Clamping from [x=11.120889, y=5.544445])";"30";"turtlesim1.sim";"1696343001.066285359";"/home/sear/ros2_ws/src/ros_tutorials/turtlesim/src/turtle.cpp:update:260"
"Oh no! I hit the wall! (Clamping from [x=11.120889, y=5.544445])";"30";"turtlesim2.sim";"1696343001.055831857";"/home/sear/ros2_ws/src/ros_tutorials/turtlesim/src/turtle.cpp:update:260"
"Oh no! I hit the wall! (Clamping from [x=11.120889, y=5.544445])";"30";"turtlesim3.sim";"1696343001.053682658";"/home/sear/ros2_ws/src/ros_tutorials/turtlesim/src/turtle.cpp:update:260"
"Oh no! I hit the wall! (Clamping from [x=11.120889, y=5.544445])";"30";"turtlesim1.sim";"1696343001.049815519";"/home/sear/ros2_ws/src/ros_tutorials/turtlesim/src/turtle.cpp:update:260"
"Oh no! I hit the wall! (Clamping from [x=11.120889, y=5.544445])";"30";"turtlesim2.sim";"1696343001.040338948";"/home/sear/ros2_ws/src/ros_tutorials/turtlesim/src/turtle.cpp:update:260"
"Oh no! I hit the wall! (Clamping from [x=11.120889, y=5.544445])";"30";"turtlesim3.sim";"1696343001.038305287";"/home/sear/ros2_ws/src/ros_tutorials/turtlesim/src/turtle.cpp:update:260"
"Oh no! I hit the wall! (Clamping from [x=11.120889, y=5.544445])";"30";"turtlesim1.sim";"1696343001.034308195";"/home/sear/ros2_ws/src/ros_tutorials/turtlesim/src/turtle.cpp:update:260"
"Oh no! I hit the wall! (Clamping from [x=11.120889, y=5.544445])";"30";"turtlesim2.sim";"1696343001.023775664";"/home/sear/ros2_ws/src/ros_tutorials/turtlesim/src/turtle.cpp:update:260"
"Oh no! I hit the wall! (Clamping from [x=11.120889, y=5.544445])";"30";"turtlesim3.sim";"1696343001.021729421";"/home/sear/ros2_ws/src/ros_tutorials/turtlesim/src/turtle.cpp:update:260"
"Oh no! I hit the wall! (Clamping from [x=11.120889, y=5.544445])";"30";"turtlesim1.sim";"1696343001.017756104";"/home/sear/ros2_ws/src/ros_tutorials/turtlesim/src/turtle.cpp:update:260"
"Oh no! I hit the wall! (Clamping from [x=11.120889, y=5.544445])";"30";"turtlesim2.sim";"1696343001.008243206";"/home/sear/ros2_ws/src/ros_tutorials/turtlesim/src/turtle.cpp:update:260"
"Oh no! I hit the wall! (Clamping from [x=11.120889, y=5.544445])";"30";"turtlesim1.sim";"1696343001.002161550";"/home/sear/ros2_ws/src/ros_tutorials/turtlesim/src/turtle.cpp:update:260"
"Oh no! I hit the wall! (Clamping from [x=11.120889, y=5.544445])";"30";"turtlesim3.sim";"1696343000.286212993";"/home/sear/ros2_ws/src/ros_tutorials/turtlesim/src/turtle.cpp:update:260"
"Oh no! I hit the wall! (Clamping from [x=11.120889, y=5.544445])";"30";"turtlesim2.sim";"1696343000.272594080";"/home/sear/ros2_ws/src/ros_tutorials/turtlesim/src/turtle.cpp:update:260"
"Oh no! I hit the wall! (Clamping from [x=11.120889, y=5.544445])";"30";"turtlesim3.sim";"1696343000.269692807";"/home/sear/ros2_ws/src/ros_tutorials/turtlesim/src/turtle.cpp:update:260"
"Oh no! I hit the wall! (Clamping from [x=11.120889, y=5.544445])";"30";"turtlesim1.sim";"1696343000.265964866";"/home/sear/ros2_ws/src/ros_tutorials/turtlesim/src/turtle.cpp:update:260"
"Oh no! I hit the wall! (Clamping from [x=11.120889, y=5.544445])";"30";"turtlesim2.sim";"1696343000.256075382";"/home/sear/ros2_ws/src/ros_tutorials/turtlesim/src/turtle.cpp:update:260"
"Oh no! I hit the wall! (Clamping from [x=11.120889, y=5.544445])";"30";"turtlesim3.sim";"1696343000.254198901";"/home/sear/ros2_ws/src/ros_tutorials/turtlesim/src/turtle.cpp:update:260"
"Oh no! I hit the wall! (Clamping from [x=11.120889, y=5.544445])";"30";"turtlesim1.sim";"1696343000.250388416";"/home/sear/ros2_ws/src/ros_tutorials/turtlesim/src/turtle.cpp:update:260"
"Oh no! I hit the wall! (Clamping from [x=11.120889, y=5.544445])";"30";"turtlesim2.sim";"1696343000.240514047";"/home/sear/ros2_ws/src/ros_tutorials/turtlesim/src/turtle.cpp:update:260"
"Oh no! I hit the wall! (Clamping from [x=11.120889, y=5.544445])";"30";"turtlesim3.sim";"1696343000.237595172";"/home/sear/ros2_ws/src/ros_tutorials/turtlesim/src/turtle.cpp:update:260"
"Oh no! I hit the wall! (Clamping from [x=11.120889, y=5.544445])";"30";"turtlesim1.sim";"1696343000.233694911";"/home/sear/ros2_ws/src/ros_tutorials/turtlesim/src/turtle.cpp:update:260"
"Oh no! I hit the wall! (Clamping from [x=11.120889, y=5.544445])";"30";"turtlesim2.sim";"1696343000.224070029";"/home/sear/ros2_ws/src/ros_tutorials/turtlesim/src/turtle.cpp:update:260"
"Oh no! I hit the wall! (Clamping from [x=11.120889, y=5.544445])";"30";"turtlesim3.sim";"1696343000.222072077";"/home/sear/ros2_ws/src/ros_tutorials/turtlesim/src/turtle.cpp:update:260"
"Oh no! I hit the wall! (Clamping from [x=11.120889, y=5.544445])";"30";"turtlesim1.sim";"1696343000.218216295";"/home/sear/ros2_ws/src/ros_tutorials/turtlesim/src/turtle.cpp:update:260"
"Oh no! I hit the wall! (Clamping from [x=11.120889, y=5.544445])";"30";"turtlesim2.sim";"1696343000.207746375";"/home/sear/ros2_ws/src/ros_tutorials/turtlesim/src/turtle.cpp:update:260"
"Oh no! I hit the wall! (Clamping from [x=11.120889, y=5.544445])";"30";"turtlesim3.sim";"1696343000.205741384";"/home/sear/ros2_ws/src/ros_tutorials/turtlesim/src/turtle.cpp:update:260"
"Oh no! I hit the wall! (Clamping from [x=11.120889, y=5.544445])";"30";"turtlesim1.sim";"1696343000.201793151";"/home/sear/ros2_ws/src/ros_tutorials/turtlesim/src/turtle.cpp:update:260"
"Oh no! I hit the wall! (Clamping from [x=11.120889, y=5.544445])";"30";"turtlesim2.sim";"1696343000.192415280";"/home/sear/ros2_ws/src/ros_tutorials/turtlesim/src/turtle.cpp:update:260"
"Oh no! I hit the wall! (Clamping from [x=11.120889, y=5.544445])";"30";"turtlesim3.sim";"1696343000.189431052";"/home/sear/ros2_ws/src/ros_tutorials/turtlesim/src/turtle.cpp:update:260"
"Oh no! I hit the wall! (Clamping from [x=11.120889, y=5.544445])";"30";"turtlesim1.sim";"1696343000.186277417";"/home/sear/ros2_ws/src/ros_tutorials/turtlesim/src/turtle.cpp:update:260"
"Oh no! I hit the wall! (Clamping from [x=11.120889, y=5.544445])";"30";"turtlesim2.sim";"1696343000.176130892";"/home/sear/ros2_ws/src/ros_tutorials/turtlesim/src/turtle.cpp:update:260"
"Oh no! I hit the wall! (Clamping from [x=11.120889, y=5.544445])";"30";"turtlesim3.sim";"1696343000.174164276";"/home/sear/ros2_ws/src/ros_tutorials/turtlesim/src/turtle.cpp:update:260"
"Oh no! I hit the wall! (Clamping from [x=11.120889, y=5.544445])";"30";"turtlesim1.sim";"1696343000.169853529";"/home/sear/ros2_ws/src/ros_tutorials/turtlesim/src/turtle.cpp:update:260"
"Oh no! I hit the wall! (Clamping from [x=11.120889, y=5.544445])";"30";"turtlesim2.sim";"1696343000.159880968";"/home/sear/ros2_ws/src/ros_tutorials/turtlesim/src/turtle.cpp:update:260"
"Oh no! I hit the wall! (Clamping from [x=11.120889, y=5.544445])";"30";"turtlesim3.sim";"1696343000.157864502";"/home/sear/ros2_ws/src/ros_tutorials/turtlesim/src/turtle.cpp:update:260"
"Oh no! I hit the wall! (Clamping from [x=11.120889, y=5.544445])";"30";"turtlesim1.sim";"1696343000.154517516";"/home/sear/ros2_ws/src/ros_tutorials/turtlesim/src/turtle.cpp:update:260"
"Oh no! I hit the wall! (Clamping from [x=11.120889, y=5.544445])";"30";"turtlesim2.sim";"1696343000.144622455";"/home/sear/ros2_ws/src/ros_tutorials/turtlesim/src/turtle.cpp:update:260"
"Oh no! I hit the wall! (Clamping from [x=11.120889, y=5.544445])";"30";"turtlesim3.sim";"1696343000.141552082";"/home/sear/ros2_ws/src/ros_tutorials/turtlesim/src/turtle.cpp:update:260"
"Oh no! I hit the wall! (Clamping from [x=11.120889, y=5.544445])";"30";"turtlesim1.sim";"1696343000.138070315";"/home/sear/ros2_ws/src/ros_tutorials/turtlesim/src/turtle.cpp:update:260"
"Oh no! I hit the wall! (Clamping from [x=11.120889, y=5.544445])";"30";"turtlesim2.sim";"1696343000.128285047";"/home/sear/ros2_ws/src/ros_tutorials/turtlesim/src/turtle.cpp:update:260"
"Oh no! I hit the wall! (Clamping from [x=11.120889, y=5.544445])";"30";"turtlesim3.sim";"1696343000.126113943";"/home/sear/ros2_ws/src/ros_tutorials/turtlesim/src/turtle.cpp:update:260"
"Oh no! I hit the wall! (Clamping from [x=11.120889, y=5.544445])";"30";"turtlesim1.sim";"1696343000.122552609";"/home/sear/ros2_ws/src/ros_tutorials/turtlesim/src/turtle.cpp:update:260"
"Oh no! I hit the wall! (Clamping from [x=11.120889, y=5.544445])";"30";"turtlesim2.sim";"1696343000.112691319";"/home/sear/ros2_ws/src/ros_tutorials/turtlesim/src/turtle.cpp:update:260"
"Oh no! I hit the wall! (Clamping from [x=11.120889, y=5.544445])";"30";"turtlesim3.sim";"1696343000.109511184";"/home/sear/ros2_ws/src/ros_tutorials/turtlesim/src/turtle.cpp:update:260"
"Oh no! I hit the wall! (Clamping from [x=11.120889, y=5.544445])";"30";"turtlesim1.sim";"1696343000.105835136";"/home/sear/ros2_ws/src/ros_tutorials/turtlesim/src/turtle.cpp:update:260"
"Oh no! I hit the wall! (Clamping from [x=11.120889, y=5.544445])";"30";"turtlesim2.sim";"1696343000.096165697";"/home/sear/ros2_ws/src/ros_tutorials/turtlesim/src/turtle.cpp:update:260"
"Oh no! I hit the wall! (Clamping from [x=11.120889, y=5.544445])";"30";"turtlesim3.sim";"1696343000.093810637";"/home/sear/ros2_ws/src/ros_tutorials/turtlesim/src/turtle.cpp:update:260"
"Oh no! I hit the wall! (Clamping from [x=11.120889, y=5.544445])";"30";"turtlesim1.sim";"1696343000.090247015";"/home/sear/ros2_ws/src/ros_tutorials/turtlesim/src/turtle.cpp:update:260"
"Oh no! I hit the wall! (Clamping from [x=11.120889, y=5.544445])";"30";"turtlesim2.sim";"1696343000.080617205";"/home/sear/ros2_ws/src/ros_tutorials/turtlesim/src/turtle.cpp:update:260"
"Oh no! I hit the wall! (Clamping from [x=11.120889, y=5.544445])";"30";"turtlesim3.sim";"1696343000.078106917";"/home/sear/ros2_ws/src/ros_tutorials/turtlesim/src/turtle.cpp:update:260"
"Oh no! I hit the wall! (Clamping from [x=11.120889, y=5.544445])";"30";"turtlesim1.sim";"1696343000.074607788";"/home/sear/ros2_ws/src/ros_tutorials/turtlesim/src/turtle.cpp:update:260"
"Oh no! I hit the wall! (Clamping from [x=11.120889, y=5.544445])";"30";"turtlesim2.sim";"1696343000.064013274";"/home/sear/ros2_ws/src/ros_tutorials/turtlesim/src/turtle.cpp:update:260"
"Oh no! I hit the wall! (Clamping from [x=11.120889, y=5.544445])";"30";"turtlesim3.sim";"1696343000.061520056";"/home/sear/ros2_ws/src/ros_tutorials/turtlesim/src/turtle.cpp:update:260"
"Oh no! I hit the wall! (Clamping from [x=11.120889, y=5.544445])";"30";"turtlesim1.sim";"1696343000.057913830";"/home/sear/ros2_ws/src/ros_tutorials/turtlesim/src/turtle.cpp:update:260"
"Oh no! I hit the wall! (Clamping from [x=11.120889, y=5.544445])";"30";"turtlesim2.sim";"1696343000.048286758";"/home/sear/ros2_ws/src/ros_tutorials/turtlesim/src/turtle.cpp:update:260"
"Oh no! I hit the wall! (Clamping from [x=11.112445, y=5.544445])";"30";"turtlesim3.sim";"1696343000.045969654";"/home/sear/ros2_ws/src/ros_tutorials/turtlesim/src/turtle.cpp:update:260"
"Oh no! I hit the wall! (Clamping from [x=11.120889, y=5.544445])";"30";"turtlesim1.sim";"1696343000.042263826";"/home/sear/ros2_ws/src/ros_tutorials/turtlesim/src/turtle.cpp:update:260"
"Oh no! I hit the wall! (Clamping from [x=11.112445, y=5.544445])";"30";"turtlesim2.sim";"1696343000.032537704";"/home/sear/ros2_ws/src/ros_tutorials/turtlesim/src/turtle.cpp:update:260"
"Oh no! I hit the wall! (Clamping from [x=11.112445, y=5.544445])";"30";"turtlesim1.sim";"1696343000.026604166";"/home/sear/ros2_ws/src/ros_tutorials/turtlesim/src/turtle.cpp:update:260"
